Country,Date,DeathCount
Brazil,1/22/2020,0
Brazil,1/23/2020,0
Brazil,1/24/2020,0
Brazil,1/25/2020,0
Brazil,1/26/2020,0
Brazil,1/27/2020,0
Brazil,1/28/2020,0
Brazil,1/29/2020,0
Brazil,1/30/2020,0
Brazil,1/31/2020,0
Brazil,2/1/2020,0
Brazil,2/2/2020,0
Brazil,2/3/2020,0
Brazil,2/4/2020,0
Brazil,2/5/2020,0
Brazil,2/6/2020,0
Brazil,2/7/2020,0
Brazil,2/8/2020,0
Brazil,2/9/2020,0
Brazil,2/10/2020,0
Brazil,2/11/2020,0
Brazil,2/12/2020,0
Brazil,2/13/2020,0
Brazil,2/14/2020,0
Brazil,2/15/2020,0
Brazil,2/16/2020,0
Brazil,2/17/2020,0
Brazil,2/18/2020,0
Brazil,2/19/2020,0
Brazil,2/20/2020,0
Brazil,2/21/2020,0
Brazil,2/22/2020,0
Brazil,2/23/2020,0
Brazil,2/24/2020,0
Brazil,2/25/2020,0
Brazil,2/26/2020,0
Brazil,2/27/2020,0
Brazil,2/28/2020,0
Brazil,2/29/2020,0
Brazil,3/1/2020,0
Brazil,3/2/2020,0
Brazil,3/3/2020,0
Brazil,3/4/2020,0
Brazil,3/5/2020,0
Brazil,3/6/2020,0
Brazil,3/7/2020,0
Brazil,3/8/2020,0
Brazil,3/9/2020,0
Brazil,3/10/2020,0
Brazil,3/11/2020,0
Brazil,3/12/2020,0
Brazil,3/13/2020,0
Brazil,3/14/2020,0
Brazil,3/15/2020,0
Brazil,3/16/2020,0
Brazil,3/17/2020,1
Brazil,3/18/2020,3
Brazil,3/19/2020,6
Brazil,3/20/2020,11
Brazil,3/21/2020,15
Brazil,3/22/2020,25
Brazil,3/23/2020,34
Brazil,3/24/2020,46
Brazil,3/25/2020,59
Brazil,3/26/2020,77
Brazil,3/27/2020,92
Brazil,3/28/2020,111
Brazil,3/29/2020,136
Brazil,3/30/2020,159
Brazil,3/31/2020,201
Brazil,4/1/2020,240
Brazil,4/2/2020,324
Brazil,4/3/2020,359
Brazil,4/4/2020,445
Brazil,4/5/2020,486
Brazil,4/6/2020,564
Brazil,4/7/2020,686
Brazil,4/8/2020,819
Brazil,4/9/2020,950
Brazil,4/10/2020,1057
Brazil,4/11/2020,1124
Brazil,4/12/2020,1223
Brazil,4/13/2020,1328
Brazil,4/14/2020,1532
Brazil,4/15/2020,1736
Brazil,4/16/2020,1924
Brazil,4/17/2020,2141
Brazil,4/18/2020,2354
Brazil,4/19/2020,2462
Brazil,4/20/2020,2587
Brazil,4/21/2020,2741
Brazil,4/22/2020,2906
Brazil,4/23/2020,3331
Brazil,4/24/2020,3704
Brazil,4/25/2020,4057
Brazil,4/26/2020,4286
Brazil,4/27/2020,4603
Brazil,4/28/2020,5083
Brazil,4/29/2020,5513
Brazil,4/30/2020,6006
Brazil,5/1/2020,6412
Brazil,5/2/2020,6761
Brazil,5/3/2020,7051
Brazil,5/4/2020,7367
Brazil,5/5/2020,7938
Brazil,5/6/2020,8588
Brazil,5/7/2020,9190
Brazil,5/8/2020,10017
Brazil,5/9/2020,10656
Brazil,5/10/2020,11123
Brazil,5/11/2020,11653
Brazil,5/12/2020,12461
Brazil,5/13/2020,13240
Brazil,5/14/2020,13999
Brazil,5/15/2020,14962
Brazil,5/16/2020,15662
Brazil,5/17/2020,16118
Brazil,5/18/2020,16853
Brazil,5/19/2020,17983
Brazil,5/20/2020,18859
Brazil,5/21/2020,20047
Brazil,5/22/2020,21048
Brazil,5/23/2020,22013
Brazil,5/24/2020,22666
Brazil,5/25/2020,23473
Brazil,5/26/2020,24512
Brazil,5/27/2020,25598
Brazil,5/28/2020,26754
Brazil,5/29/2020,27878
Brazil,5/30/2020,28834
Brazil,5/31/2020,29314
Brazil,6/1/2020,29937
Brazil,6/2/2020,31199
Brazil,6/3/2020,32548
Brazil,6/4/2020,34021
Brazil,6/5/2020,35026
Brazil,6/6/2020,35930
Brazil,6/7/2020,36455
Brazil,6/8/2020,37134
Brazil,6/9/2020,38406
Brazil,6/10/2020,39680
Brazil,6/11/2020,40919
Brazil,6/12/2020,41828
Brazil,6/13/2020,42720
Brazil,6/14/2020,43332
Brazil,6/15/2020,43959
Brazil,6/16/2020,45241
Brazil,6/17/2020,46510
Brazil,6/18/2020,47748
Brazil,6/19/2020,48954
Brazil,6/20/2020,49976
Brazil,6/21/2020,50591
Brazil,6/22/2020,51271
Brazil,6/23/2020,52645
Brazil,6/24/2020,53830
Brazil,6/25/2020,54971
Brazil,6/26/2020,55961
Brazil,6/27/2020,57070
Brazil,6/28/2020,57622
Brazil,6/29/2020,58314
Brazil,6/30/2020,59594
Brazil,7/1/2020,60632
Brazil,7/2/2020,61884
Brazil,7/3/2020,63174
Brazil,7/4/2020,64265
Brazil,7/5/2020,64867
Brazil,7/6/2020,65487
Brazil,7/7/2020,66741
Brazil,7/8/2020,67964
Brazil,7/9/2020,69184
Brazil,7/10/2020,70398
Brazil,7/11/2020,71469
Brazil,7/12/2020,72100
Brazil,7/13/2020,72833
Brazil,7/14/2020,74133
Brazil,7/15/2020,75366
Brazil,7/16/2020,76688
Brazil,7/17/2020,77851
Brazil,7/18/2020,78772
Brazil,7/19/2020,79488
Brazil,7/20/2020,80120
Brazil,7/21/2020,81487
Brazil,7/22/2020,82771
Brazil,7/23/2020,84082
Brazil,7/24/2020,85238
Brazil,7/25/2020,86449
Brazil,7/26/2020,87004
Brazil,7/27/2020,87618
Brazil,7/28/2020,88539
Brazil,7/29/2020,90134
Brazil,7/30/2020,91263
Brazil,7/31/2020,92475
Brazil,8/1/2020,93563
Brazil,8/2/2020,94104
Brazil,8/3/2020,94665
Brazil,8/4/2020,95819
Brazil,8/5/2020,97256
Brazil,8/6/2020,98493
Brazil,8/7/2020,99572
Brazil,8/8/2020,100477
Brazil,8/9/2020,101049
Brazil,8/10/2020,101752
Brazil,8/11/2020,103026
Brazil,8/12/2020,104201
Brazil,8/13/2020,105463
Brazil,8/14/2020,106523
Brazil,8/15/2020,107232
Brazil,8/16/2020,107852
Brazil,8/17/2020,108536
Brazil,8/18/2020,109888
Brazil,8/19/2020,111100
Brazil,8/20/2020,112304
Brazil,8/21/2020,113358
Brazil,8/22/2020,114250
Brazil,8/23/2020,114744
Brazil,8/24/2020,115309
Brazil,8/25/2020,116580
Brazil,8/26/2020,117665
Brazil,8/27/2020,118649
Brazil,8/28/2020,119504
Brazil,8/29/2020,120262
Brazil,8/30/2020,120828
Brazil,8/31/2020,121381
Brazil,9/1/2020,122596
Brazil,9/2/2020,123780
Brazil,9/3/2020,124614
Brazil,9/4/2020,125502
Brazil,9/5/2020,126203
Brazil,9/6/2020,126650
Brazil,9/7/2020,126960
Brazil,9/8/2020,127464
Brazil,9/9/2020,128539
Brazil,9/10/2020,129522
Brazil,9/11/2020,130396
Brazil,9/12/2020,131210
Brazil,9/13/2020,131625
Brazil,9/14/2020,132006
Brazil,9/15/2020,133119
Brazil,9/16/2020,134106
Brazil,9/17/2020,134935
Brazil,9/18/2020,135793
Brazil,9/19/2020,136532
Brazil,9/20/2020,136895
Brazil,9/21/2020,137272
Brazil,9/22/2020,138105
Brazil,9/23/2020,138105
Brazil,9/24/2020,139808
Brazil,9/25/2020,140537
Brazil,9/26/2020,141406
Brazil,9/27/2020,141741
Brazil,9/28/2020,142058
Brazil,9/29/2020,142921
Brazil,9/30/2020,143952
Brazil,10/1/2020,144680
Brazil,10/2/2020,144680
Brazil,10/3/2020,145987
Brazil,10/4/2020,146352
Brazil,10/5/2020,146675
Brazil,10/6/2020,147494
Brazil,10/7/2020,148228
Brazil,10/8/2020,148957
Brazil,10/9/2020,149639
Brazil,10/10/2020,150198
Brazil,10/11/2020,150488
Brazil,10/12/2020,150689
Brazil,10/13/2020,150998
Brazil,10/14/2020,151747
Brazil,10/15/2020,152460
Brazil,10/16/2020,153214
Brazil,10/17/2020,153675
Brazil,10/18/2020,153675
Brazil,10/19/2020,154176
Brazil,10/20/2020,154837
Brazil,10/21/2020,155403
Brazil,10/22/2020,155900
Brazil,10/23/2020,156471
Brazil,10/24/2020,156903
Brazil,10/25/2020,156903
France,1/22/2020,0
France,1/23/2020,0
France,1/24/2020,0
France,1/25/2020,0
France,1/26/2020,0
France,1/27/2020,0
France,1/28/2020,0
France,1/29/2020,0
France,1/30/2020,0
France,1/31/2020,0
France,2/1/2020,0
France,2/2/2020,0
France,2/3/2020,0
France,2/4/2020,0
France,2/5/2020,0
France,2/6/2020,0
France,2/7/2020,0
France,2/8/2020,0
France,2/9/2020,0
France,2/10/2020,0
France,2/11/2020,0
France,2/12/2020,0
France,2/13/2020,0
France,2/14/2020,0
France,2/15/2020,1
France,2/16/2020,1
France,2/17/2020,1
France,2/18/2020,1
France,2/19/2020,1
France,2/20/2020,1
France,2/21/2020,1
France,2/22/2020,1
France,2/23/2020,1
France,2/24/2020,1
France,2/25/2020,1
France,2/26/2020,2
France,2/27/2020,2
France,2/28/2020,2
France,2/29/2020,2
France,3/1/2020,2
France,3/2/2020,3
France,3/3/2020,4
France,3/4/2020,4
France,3/5/2020,6
France,3/6/2020,9
France,3/7/2020,11
France,3/8/2020,19
France,3/9/2020,19
France,3/10/2020,33
France,3/11/2020,48
France,3/12/2020,48
France,3/13/2020,79
France,3/14/2020,91
France,3/15/2020,91
France,3/16/2020,148
France,3/17/2020,148
France,3/18/2020,148
France,3/19/2020,243
France,3/20/2020,450
France,3/21/2020,562
France,3/22/2020,674
France,3/23/2020,860
France,3/24/2020,1100
France,3/25/2020,1331
France,3/26/2020,1696
France,3/27/2020,1995
France,3/28/2020,2314
France,3/29/2020,2606
France,3/30/2020,3024
France,3/31/2020,3523
France,4/1/2020,4403
France,4/2/2020,5387
France,4/3/2020,6507
France,4/4/2020,7560
France,4/5/2020,8078
France,4/6/2020,8911
France,4/7/2020,10328
France,4/8/2020,10869
France,4/9/2020,12210
France,4/10/2020,13197
France,4/11/2020,13832
France,4/12/2020,14393
France,4/13/2020,14967
France,4/14/2020,15712
France,4/15/2020,17148
France,4/16/2020,17901
France,4/17/2020,18661
France,4/18/2020,19303
France,4/19/2020,19694
France,4/20/2020,20240
France,4/21/2020,20765
France,4/22/2020,21309
France,4/23/2020,21825
France,4/24/2020,22214
France,4/25/2020,22583
France,4/26/2020,22825
France,4/27/2020,23262
France,4/28/2020,23629
France,4/29/2020,24056
France,4/30/2020,24345
France,5/1/2020,24563
France,5/2/2020,24729
France,5/3/2020,24864
France,5/4/2020,25168
France,5/5/2020,25498
France,5/6/2020,25772
France,5/7/2020,25949
France,5/8/2020,26192
France,5/9/2020,26271
France,5/10/2020,26341
France,5/11/2020,26604
France,5/12/2020,26951
France,5/13/2020,27032
France,5/14/2020,27381
France,5/15/2020,27485
France,5/16/2020,27483
France,5/17/2020,28062
France,5/18/2020,28193
France,5/19/2020,27976
France,5/20/2020,28084
France,5/21/2020,28167
France,5/22/2020,28241
France,5/23/2020,28284
France,5/24/2020,28317
France,5/25/2020,28407
France,5/26/2020,28480
France,5/27/2020,28546
France,5/28/2020,28611
France,5/29/2020,28663
France,5/30/2020,28720
France,5/31/2020,28751
France,6/1/2020,28779
France,6/2/2020,28886
France,6/3/2020,28967
France,6/4/2020,29010
France,6/5/2020,29056
France,6/6/2020,29087
France,6/7/2020,29100
France,6/8/2020,29153
France,6/9/2020,29237
France,6/10/2020,29260
France,6/11/2020,29287
France,6/12/2020,29315
France,6/13/2020,29339
France,6/14/2020,29346
France,6/15/2020,29375
France,6/16/2020,29484
France,6/17/2020,29512
France,6/18/2020,29540
France,6/19/2020,29554
France,6/20/2020,29568
France,6/21/2020,29574
France,6/22/2020,29595
France,6/23/2020,29652
France,6/24/2020,29661
France,6/25/2020,29680
France,6/26/2020,29705
France,6/27/2020,29704
France,6/28/2020,29704
France,6/29/2020,29736
France,6/30/2020,29763
France,7/1/2020,29780
France,7/2/2020,29794
France,7/3/2020,29812
France,7/4/2020,29812
France,7/5/2020,29813
France,7/6/2020,29836
France,7/7/2020,29847
France,7/8/2020,29846
France,7/9/2020,29889
France,7/10/2020,29912
France,7/11/2020,29909
France,7/12/2020,29909
France,7/13/2020,29931
France,7/14/2020,29929
France,7/15/2020,30018
France,7/16/2020,30035
France,7/17/2020,30049
France,7/18/2020,30046
France,7/19/2020,30046
France,7/20/2020,30069
France,7/21/2020,30056
France,7/22/2020,30063
France,7/23/2020,30072
France,7/24/2020,30081
France,7/25/2020,30081
France,7/26/2020,30081
France,7/27/2020,30096
France,7/28/2020,30109
France,7/29/2020,30108
France,7/30/2020,30123
France,7/31/2020,30150
France,8/1/2020,30150
France,8/2/2020,30150
France,8/3/2020,30149
France,8/4/2020,30177
France,8/5/2020,30174
France,8/6/2020,30185
France,8/7/2020,30203
France,8/8/2020,30202
France,8/9/2020,30202
France,8/10/2020,30201
France,8/11/2020,30201
France,8/12/2020,30247
France,8/13/2020,30263
France,8/14/2020,30279
France,8/15/2020,30279
France,8/16/2020,30279
France,8/17/2020,30302
France,8/18/2020,30301
France,8/19/2020,30300
France,8/20/2020,30300
France,8/21/2020,30373
France,8/22/2020,30381
France,8/23/2020,30382
France,8/24/2020,30396
France,8/25/2020,30412
France,8/26/2020,30412
France,8/27/2020,30441
France,8/28/2020,30460
France,8/29/2020,30460
France,8/30/2020,30470
France,8/31/2020,30495
France,9/1/2020,30518
France,9/2/2020,30539
France,9/3/2020,30559
France,9/4/2020,30576
France,9/5/2020,30575
France,9/6/2020,30573
France,9/7/2020,30575
France,9/8/2020,30613
France,9/9/2020,30643
France,9/10/2020,30656
France,9/11/2020,30735
France,9/12/2020,30735
France,9/13/2020,30735
France,9/14/2020,30790
France,9/15/2020,30838
France,9/16/2020,30884
France,9/17/2020,30931
France,9/18/2020,31085
France,9/19/2020,31085
France,9/20/2020,31085
France,9/21/2020,31174
France,9/22/2020,31252
France,9/23/2020,31252
France,9/24/2020,31333
France,9/25/2020,31483
France,9/26/2020,31483
France,9/27/2020,31483
France,9/28/2020,31549
France,9/29/2020,31711
France,9/30/2020,31769
France,10/1/2020,31816
France,10/2/2020,31952
France,10/3/2020,31952
France,10/4/2020,31952
France,10/5/2020,32096
France,10/6/2020,32140
France,10/7/2020,32219
France,10/8/2020,32295
France,10/9/2020,32356
France,10/10/2020,32356
France,10/11/2020,32356
France,10/12/2020,32456
France,10/13/2020,32714
France,10/14/2020,32788
France,10/15/2020,32876
France,10/16/2020,33054
France,10/17/2020,33054
France,10/18/2020,33054
France,10/19/2020,33374
France,10/20/2020,33636
France,10/21/2020,33777
France,10/22/2020,33939
France,10/23/2020,34236
France,10/24/2020,34236
France,10/25/2020,34373
India,1/22/2020,0
India,1/23/2020,0
India,1/24/2020,0
India,1/25/2020,0
India,1/26/2020,0
India,1/27/2020,0
India,1/28/2020,0
India,1/29/2020,0
India,1/30/2020,0
India,1/31/2020,0
India,2/1/2020,0
India,2/2/2020,0
India,2/3/2020,0
India,2/4/2020,0
India,2/5/2020,0
India,2/6/2020,0
India,2/7/2020,0
India,2/8/2020,0
India,2/9/2020,0
India,2/10/2020,0
India,2/11/2020,0
India,2/12/2020,0
India,2/13/2020,0
India,2/14/2020,0
India,2/15/2020,0
India,2/16/2020,0
India,2/17/2020,0
India,2/18/2020,0
India,2/19/2020,0
India,2/20/2020,0
India,2/21/2020,0
India,2/22/2020,0
India,2/23/2020,0
India,2/24/2020,0
India,2/25/2020,0
India,2/26/2020,0
India,2/27/2020,0
India,2/28/2020,0
India,2/29/2020,0
India,3/1/2020,0
India,3/2/2020,0
India,3/3/2020,0
India,3/4/2020,0
India,3/5/2020,0
India,3/6/2020,0
India,3/7/2020,0
India,3/8/2020,0
India,3/9/2020,0
India,3/10/2020,0
India,3/11/2020,1
India,3/12/2020,1
India,3/13/2020,2
India,3/14/2020,2
India,3/15/2020,2
India,3/16/2020,2
India,3/17/2020,3
India,3/18/2020,3
India,3/19/2020,4
India,3/20/2020,5
India,3/21/2020,4
India,3/22/2020,7
India,3/23/2020,10
India,3/24/2020,10
India,3/25/2020,12
India,3/26/2020,20
India,3/27/2020,20
India,3/28/2020,24
India,3/29/2020,27
India,3/30/2020,32
India,3/31/2020,35
India,4/1/2020,58
India,4/2/2020,72
India,4/3/2020,72
India,4/4/2020,86
India,4/5/2020,99
India,4/6/2020,136
India,4/7/2020,150
India,4/8/2020,178
India,4/9/2020,226
India,4/10/2020,246
India,4/11/2020,288
India,4/12/2020,331
India,4/13/2020,358
India,4/14/2020,393
India,4/15/2020,405
India,4/16/2020,448
India,4/17/2020,486
India,4/18/2020,521
India,4/19/2020,559
India,4/20/2020,592
India,4/21/2020,645
India,4/22/2020,681
India,4/23/2020,721
India,4/24/2020,780
India,4/25/2020,825
India,4/26/2020,881
India,4/27/2020,939
India,4/28/2020,1008
India,4/29/2020,1079
India,4/30/2020,1154
India,5/1/2020,1223
India,5/2/2020,1323
India,5/3/2020,1391
India,5/4/2020,1566
India,5/5/2020,1693
India,5/6/2020,1785
India,5/7/2020,1889
India,5/8/2020,1985
India,5/9/2020,2101
India,5/10/2020,2212
India,5/11/2020,2294
India,5/12/2020,2415
India,5/13/2020,2551
India,5/14/2020,2649
India,5/15/2020,2753
India,5/16/2020,2871
India,5/17/2020,3025
India,5/18/2020,3156
India,5/19/2020,3302
India,5/20/2020,3434
India,5/21/2020,3584
India,5/22/2020,3726
India,5/23/2020,3868
India,5/24/2020,4024
India,5/25/2020,4172
India,5/26/2020,4344
India,5/27/2020,4534
India,5/28/2020,4711
India,5/29/2020,4980
India,5/30/2020,5185
India,5/31/2020,5408
India,6/1/2020,5608
India,6/2/2020,5829
India,6/3/2020,6088
India,6/4/2020,6363
India,6/5/2020,6649
India,6/6/2020,6946
India,6/7/2020,7207
India,6/8/2020,7473
India,6/9/2020,7750
India,6/10/2020,8102
India,6/11/2020,8498
India,6/12/2020,8884
India,6/13/2020,9195
India,6/14/2020,9520
India,6/15/2020,9900
India,6/16/2020,11903
India,6/17/2020,12237
India,6/18/2020,12573
India,6/19/2020,12948
India,6/20/2020,13254
India,6/21/2020,13699
India,6/22/2020,14011
India,6/23/2020,14476
India,6/24/2020,14894
India,6/25/2020,15301
India,6/26/2020,15685
India,6/27/2020,16095
India,6/28/2020,16475
India,6/29/2020,16893
India,6/30/2020,17400
India,7/1/2020,17834
India,7/2/2020,18213
India,7/3/2020,18655
India,7/4/2020,19268
India,7/5/2020,19693
India,7/6/2020,20159
India,7/7/2020,20642
India,7/8/2020,21129
India,7/9/2020,21604
India,7/10/2020,22123
India,7/11/2020,22673
India,7/12/2020,23174
India,7/13/2020,23727
India,7/14/2020,24309
India,7/15/2020,24914
India,7/16/2020,25602
India,7/17/2020,26273
India,7/18/2020,26816
India,7/19/2020,27497
India,7/20/2020,28082
India,7/21/2020,28732
India,7/22/2020,29861
India,7/23/2020,30601
India,7/24/2020,31358
India,7/25/2020,32060
India,7/26/2020,32771
India,7/27/2020,33408
India,7/28/2020,34193
India,7/29/2020,34955
India,7/30/2020,35718
India,7/31/2020,36511
India,8/1/2020,37364
India,8/2/2020,38135
India,8/3/2020,38938
India,8/4/2020,39795
India,8/5/2020,40699
India,8/6/2020,41585
India,8/7/2020,42518
India,8/8/2020,43379
India,8/9/2020,44386
India,8/10/2020,45257
India,8/11/2020,46091
India,8/12/2020,47033
India,8/13/2020,48040
India,8/14/2020,49036
India,8/15/2020,49980
India,8/16/2020,50921
India,8/17/2020,51797
India,8/18/2020,52888
India,8/19/2020,53866
India,8/20/2020,54849
India,8/21/2020,55794
India,8/22/2020,56706
India,8/23/2020,57542
India,8/24/2020,58390
India,8/25/2020,59357
India,8/26/2020,60472
India,8/27/2020,61529
India,8/28/2020,62550
India,8/29/2020,63498
India,8/30/2020,64469
India,8/31/2020,65288
India,9/1/2020,66333
India,9/2/2020,67376
India,9/3/2020,68472
India,9/4/2020,69561
India,9/5/2020,70626
India,9/6/2020,71642
India,9/7/2020,72775
India,9/8/2020,73890
India,9/9/2020,75062
India,9/10/2020,76271
India,9/11/2020,77472
India,9/12/2020,78586
India,9/13/2020,79722
India,9/14/2020,80776
India,9/15/2020,82066
India,9/16/2020,83198
India,9/17/2020,84372
India,9/18/2020,85619
India,9/19/2020,86752
India,9/20/2020,87882
India,9/21/2020,88935
India,9/22/2020,90020
India,9/23/2020,91149
India,9/24/2020,92290
India,9/25/2020,93379
India,9/26/2020,94503
India,9/27/2020,95542
India,9/28/2020,96318
India,9/29/2020,97497
India,9/30/2020,98678
India,10/1/2020,99773
India,10/2/2020,100842
India,10/3/2020,101782
India,10/4/2020,102685
India,10/5/2020,103569
India,10/6/2020,104555
India,10/7/2020,105526
India,10/8/2020,106490
India,10/9/2020,107416
India,10/10/2020,108334
India,10/11/2020,109150
India,10/12/2020,109856
India,10/13/2020,110586
India,10/14/2020,111266
India,10/15/2020,112161
India,10/16/2020,112998
India,10/17/2020,114031
India,10/18/2020,114610
India,10/19/2020,115197
India,10/20/2020,115914
India,10/21/2020,116616
India,10/22/2020,117306
India,10/23/2020,117956
India,10/24/2020,118534
India,10/25/2020,119014
Russia,1/22/2020,0
Russia,1/23/2020,0
Russia,1/24/2020,0
Russia,1/25/2020,0
Russia,1/26/2020,0
Russia,1/27/2020,0
Russia,1/28/2020,0
Russia,1/29/2020,0
Russia,1/30/2020,0
Russia,1/31/2020,0
Russia,2/1/2020,0
Russia,2/2/2020,0
Russia,2/3/2020,0
Russia,2/4/2020,0
Russia,2/5/2020,0
Russia,2/6/2020,0
Russia,2/7/2020,0
Russia,2/8/2020,0
Russia,2/9/2020,0
Russia,2/10/2020,0
Russia,2/11/2020,0
Russia,2/12/2020,0
Russia,2/13/2020,0
Russia,2/14/2020,0
Russia,2/15/2020,0
Russia,2/16/2020,0
Russia,2/17/2020,0
Russia,2/18/2020,0
Russia,2/19/2020,0
Russia,2/20/2020,0
Russia,2/21/2020,0
Russia,2/22/2020,0
Russia,2/23/2020,0
Russia,2/24/2020,0
Russia,2/25/2020,0
Russia,2/26/2020,0
Russia,2/27/2020,0
Russia,2/28/2020,0
Russia,2/29/2020,0
Russia,3/1/2020,0
Russia,3/2/2020,0
Russia,3/3/2020,0
Russia,3/4/2020,0
Russia,3/5/2020,0
Russia,3/6/2020,0
Russia,3/7/2020,0
Russia,3/8/2020,0
Russia,3/9/2020,0
Russia,3/10/2020,0
Russia,3/11/2020,0
Russia,3/12/2020,0
Russia,3/13/2020,0
Russia,3/14/2020,0
Russia,3/15/2020,0
Russia,3/16/2020,0
Russia,3/17/2020,0
Russia,3/18/2020,0
Russia,3/19/2020,1
Russia,3/20/2020,1
Russia,3/21/2020,1
Russia,3/22/2020,1
Russia,3/23/2020,1
Russia,3/24/2020,1
Russia,3/25/2020,3
Russia,3/26/2020,3
Russia,3/27/2020,4
Russia,3/28/2020,4
Russia,3/29/2020,8
Russia,3/30/2020,9
Russia,3/31/2020,17
Russia,4/1/2020,24
Russia,4/2/2020,30
Russia,4/3/2020,34
Russia,4/4/2020,43
Russia,4/5/2020,45
Russia,4/6/2020,47
Russia,4/7/2020,58
Russia,4/8/2020,63
Russia,4/9/2020,76
Russia,4/10/2020,94
Russia,4/11/2020,106
Russia,4/12/2020,130
Russia,4/13/2020,148
Russia,4/14/2020,170
Russia,4/15/2020,198
Russia,4/16/2020,232
Russia,4/17/2020,273
Russia,4/18/2020,313
Russia,4/19/2020,361
Russia,4/20/2020,405
Russia,4/21/2020,456
Russia,4/22/2020,513
Russia,4/23/2020,555
Russia,4/24/2020,615
Russia,4/25/2020,681
Russia,4/26/2020,747
Russia,4/27/2020,794
Russia,4/28/2020,867
Russia,4/29/2020,972
Russia,4/30/2020,1073
Russia,5/1/2020,1169
Russia,5/2/2020,1222
Russia,5/3/2020,1280
Russia,5/4/2020,1356
Russia,5/5/2020,1451
Russia,5/6/2020,1537
Russia,5/7/2020,1625
Russia,5/8/2020,1723
Russia,5/9/2020,1827
Russia,5/10/2020,1915
Russia,5/11/2020,2009
Russia,5/12/2020,2116
Russia,5/13/2020,2212
Russia,5/14/2020,2305
Russia,5/15/2020,2418
Russia,5/16/2020,2537
Russia,5/17/2020,2631
Russia,5/18/2020,2722
Russia,5/19/2020,2837
Russia,5/20/2020,2972
Russia,5/21/2020,3099
Russia,5/22/2020,3249
Russia,5/23/2020,3388
Russia,5/24/2020,3541
Russia,5/25/2020,3633
Russia,5/26/2020,3807
Russia,5/27/2020,3968
Russia,5/28/2020,4142
Russia,5/29/2020,4374
Russia,5/30/2020,4555
Russia,5/31/2020,4693
Russia,6/1/2020,4849
Russia,6/2/2020,5031
Russia,6/3/2020,5208
Russia,6/4/2020,5376
Russia,6/5/2020,5520
Russia,6/6/2020,5717
Russia,6/7/2020,5851
Russia,6/8/2020,5963
Russia,6/9/2020,6134
Russia,6/10/2020,6350
Russia,6/11/2020,6522
Russia,6/12/2020,6705
Russia,6/13/2020,6819
Russia,6/14/2020,6938
Russia,6/15/2020,7081
Russia,6/16/2020,7274
Russia,6/17/2020,7468
Russia,6/18/2020,7650
Russia,6/19/2020,7831
Russia,6/20/2020,7992
Russia,6/21/2020,8101
Russia,6/22/2020,8196
Russia,6/23/2020,8349
Russia,6/24/2020,8503
Russia,6/25/2020,8594
Russia,6/26/2020,8770
Russia,6/27/2020,8958
Russia,6/28/2020,9060
Russia,6/29/2020,9152
Russia,6/30/2020,9306
Russia,7/1/2020,9521
Russia,7/2/2020,9668
Russia,7/3/2020,9844
Russia,7/4/2020,10011
Russia,7/5/2020,10145
Russia,7/6/2020,10280
Russia,7/7/2020,10478
Russia,7/8/2020,10650
Russia,7/9/2020,10826
Russia,7/10/2020,11000
Russia,7/11/2020,11188
Russia,7/12/2020,11318
Russia,7/13/2020,11422
Russia,7/14/2020,11597
Russia,7/15/2020,11753
Russia,7/16/2020,11920
Russia,7/17/2020,12106
Russia,7/18/2020,12228
Russia,7/19/2020,12323
Russia,7/20/2020,12408
Russia,7/21/2020,12561
Russia,7/22/2020,12726
Russia,7/23/2020,12873
Russia,7/24/2020,13026
Russia,7/25/2020,13172
Russia,7/26/2020,13249
Russia,7/27/2020,13334
Russia,7/28/2020,13483
Russia,7/29/2020,13650
Russia,7/30/2020,13778
Russia,7/31/2020,13939
Russia,8/1/2020,14034
Russia,8/2/2020,14104
Russia,8/3/2020,14183
Russia,8/4/2020,14327
Russia,8/5/2020,14465
Russia,8/6/2020,14579
Russia,8/7/2020,14698
Russia,8/8/2020,14827
Russia,8/9/2020,14903
Russia,8/10/2020,14973
Russia,8/11/2020,15103
Russia,8/12/2020,15231
Russia,8/13/2020,15353
Russia,8/14/2020,15467
Russia,8/15/2020,15585
Russia,8/16/2020,15653
Russia,8/17/2020,15707
Russia,8/18/2020,15836
Russia,8/19/2020,15951
Russia,8/20/2020,16058
Russia,8/21/2020,16148
Russia,8/22/2020,16268
Russia,8/23/2020,16341
Russia,8/24/2020,16406
Russia,8/25/2020,16524
Russia,8/26/2020,16638
Russia,8/27/2020,16758
Russia,8/28/2020,16866
Russia,8/29/2020,16977
Russia,8/30/2020,17045
Russia,8/31/2020,17128
Russia,9/1/2020,17250
Russia,9/2/2020,17365
Russia,9/3/2020,17479
Russia,9/4/2020,17598
Russia,9/5/2020,17707
Russia,9/6/2020,17768
Russia,9/7/2020,17818
Russia,9/8/2020,17939
Russia,9/9/2020,18080
Russia,9/10/2020,18207
Russia,9/11/2020,18309
Russia,9/12/2020,18426
Russia,9/13/2020,18517
Russia,9/14/2020,18573
Russia,9/15/2020,18723
Russia,9/16/2020,18853
Russia,9/17/2020,18996
Russia,9/18/2020,19128
Russia,9/19/2020,19270
Russia,9/20/2020,19349
Russia,9/21/2020,19420
Russia,9/22/2020,19575
Russia,9/23/2020,19720
Russia,9/24/2020,19867
Russia,9/25/2020,19973
Russia,9/26/2020,20140
Russia,9/27/2020,20239
Russia,9/28/2020,20299
Russia,9/29/2020,20456
Russia,9/30/2020,20630
Russia,10/1/2020,20796
Russia,10/2/2020,20981
Russia,10/3/2020,21153
Russia,10/4/2020,21260
Russia,10/5/2020,21375
Russia,10/6/2020,21559
Russia,10/7/2020,21755
Russia,10/8/2020,21939
Russia,10/9/2020,22137
Russia,10/10/2020,22331
Russia,10/11/2020,22471
Russia,10/12/2020,22594
Russia,10/13/2020,22834
Russia,10/14/2020,23069
Russia,10/15/2020,23350
Russia,10/16/2020,23580
Russia,10/17/2020,23857
Russia,10/18/2020,24039
Russia,10/19/2020,24205
Russia,10/20/2020,24473
Russia,10/21/2020,24786
Russia,10/22/2020,25072
Russia,10/23/2020,25353
Russia,10/24/2020,25647
Russia,10/25/2020,25875
US,1/22/2020,0
US,1/23/2020,0
US,1/24/2020,0
US,1/25/2020,0
US,1/26/2020,0
US,1/27/2020,0
US,1/28/2020,0
US,1/29/2020,0
US,1/30/2020,0
US,1/31/2020,0
US,2/1/2020,0
US,2/2/2020,0
US,2/3/2020,0
US,2/4/2020,0
US,2/5/2020,0
US,2/6/2020,0
US,2/7/2020,0
US,2/8/2020,0
US,2/9/2020,0
US,2/10/2020,0
US,2/11/2020,0
US,2/12/2020,0
US,2/13/2020,0
US,2/14/2020,0
US,2/15/2020,0
US,2/16/2020,0
US,2/17/2020,0
US,2/18/2020,0
US,2/19/2020,0
US,2/20/2020,0
US,2/21/2020,0
US,2/22/2020,0
US,2/23/2020,0
US,2/24/2020,0
US,2/25/2020,0
US,2/26/2020,0
US,2/27/2020,0
US,2/28/2020,0
US,2/29/2020,1
US,3/1/2020,1
US,3/2/2020,6
US,3/3/2020,7
US,3/4/2020,11
US,3/5/2020,12
US,3/6/2020,14
US,3/7/2020,17
US,3/8/2020,21
US,3/9/2020,22
US,3/10/2020,28
US,3/11/2020,33
US,3/12/2020,43
US,3/13/2020,51
US,3/14/2020,58
US,3/15/2020,70
US,3/16/2020,97
US,3/17/2020,132
US,3/18/2020,191
US,3/19/2020,265
US,3/20/2020,364
US,3/21/2020,464
US,3/22/2020,574
US,3/23/2020,763
US,3/24/2020,1002
US,3/25/2020,1326
US,3/26/2020,1734
US,3/27/2020,2254
US,3/28/2020,2886
US,3/29/2020,3472
US,3/30/2020,4164
US,3/31/2020,5252
US,4/1/2020,6422
US,4/2/2020,7924
US,4/3/2020,9313
US,4/4/2020,10843
US,4/5/2020,12426
US,4/6/2020,14196
US,4/7/2020,16767
US,4/8/2020,18913
US,4/9/2020,21141
US,4/10/2020,23359
US,4/11/2020,25488
US,4/12/2020,27294
US,4/13/2020,29240
US,4/14/2020,31692
US,4/15/2020,34301
US,4/16/2020,36477
US,4/17/2020,38570
US,4/18/2020,40530
US,4/19/2020,42461
US,4/20/2020,44647
US,4/21/2020,47195
US,4/22/2020,49629
US,4/23/2020,52101
US,4/24/2020,54255
US,4/25/2020,55953
US,4/26/2020,57282
US,4/27/2020,58748
US,4/28/2020,60989
US,4/29/2020,63510
US,4/30/2020,65930
US,5/1/2020,67808
US,5/2/2020,69495
US,5/3/2020,70591
US,5/4/2020,71903
US,5/5/2020,74207
US,5/6/2020,76556
US,5/7/2020,78484
US,5/8/2020,80231
US,5/9/2020,81781
US,5/10/2020,82670
US,5/11/2020,83676
US,5/12/2020,85289
US,5/13/2020,87035
US,5/14/2020,88812
US,5/15/2020,90482
US,5/16/2020,91756
US,5/17/2020,92504
US,5/18/2020,93669
US,5/19/2020,95195
US,5/20/2020,96715
US,5/21/2020,97922
US,5/22/2020,99166
US,5/23/2020,100297
US,5/24/2020,100908
US,5/25/2020,101456
US,5/26/2020,102107
US,5/27/2020,103625
US,5/28/2020,104803
US,5/29/2020,105963
US,5/30/2020,106926
US,5/31/2020,107614
US,6/1/2020,108388
US,6/2/2020,109444
US,6/3/2020,110441
US,6/4/2020,111450
US,6/5/2020,112348
US,6/6/2020,113054
US,6/7/2020,113492
US,6/8/2020,113984
US,6/9/2020,114925
US,6/10/2020,115822
US,6/11/2020,116682
US,6/12/2020,117500
US,6/13/2020,118270
US,6/14/2020,118578
US,6/15/2020,118954
US,6/16/2020,119778
US,6/17/2020,120511
US,6/18/2020,121222
US,6/19/2020,121892
US,6/20/2020,122510
US,6/21/2020,122795
US,6/22/2020,123175
US,6/23/2020,124019
US,6/24/2020,124776
US,6/25/2020,125327
US,6/26/2020,125944
US,6/27/2020,126448
US,6/28/2020,126721
US,6/29/2020,127098
US,6/30/2020,127753
US,7/1/2020,128441
US,7/2/2020,129165
US,7/3/2020,129824
US,7/4/2020,130089
US,7/5/2020,130377
US,7/6/2020,130732
US,7/7/2020,131945
US,7/8/2020,132806
US,7/9/2020,133806
US,7/10/2020,134628
US,7/11/2020,135325
US,7/12/2020,135784
US,7/13/2020,136143
US,7/14/2020,137068
US,7/15/2020,138034
US,7/16/2020,138977
US,7/17/2020,139907
US,7/18/2020,140776
US,7/19/2020,141223
US,7/20/2020,141736
US,7/21/2020,142843
US,7/22/2020,144059
US,7/23/2020,145153
US,7/24/2020,146285
US,7/25/2020,147184
US,7/26/2020,147656
US,7/27/2020,148776
US,7/28/2020,150150
US,7/29/2020,151582
US,7/30/2020,152791
US,7/31/2020,154047
US,8/1/2020,155162
US,8/2/2020,155565
US,8/3/2020,156092
US,8/4/2020,157469
US,8/5/2020,158844
US,8/6/2020,160095
US,8/7/2020,161337
US,8/8/2020,162419
US,8/9/2020,162930
US,8/10/2020,163456
US,8/11/2020,164519
US,8/12/2020,166022
US,8/13/2020,167091
US,8/14/2020,168427
US,8/15/2020,169463
US,8/16/2020,170034
US,8/17/2020,170478
US,8/18/2020,171802
US,8/19/2020,173152
US,8/20/2020,174231
US,8/21/2020,175336
US,8/22/2020,176326
US,8/23/2020,176776
US,8/24/2020,177213
US,8/25/2020,178449
US,8/26/2020,179674
US,8/27/2020,180785
US,8/28/2020,181756
US,8/29/2020,182714
US,8/30/2020,183024
US,8/31/2020,183616
US,9/1/2020,184681
US,9/2/2020,185736
US,9/3/2020,186802
US,9/4/2020,187767
US,9/5/2020,188552
US,9/6/2020,188955
US,9/7/2020,189222
US,9/8/2020,189663
US,9/9/2020,190853
US,9/10/2020,191768
US,9/11/2020,192979
US,9/12/2020,193693
US,9/13/2020,194071
US,9/14/2020,194493
US,9/15/2020,195781
US,9/16/2020,196764
US,9/17/2020,197634
US,9/18/2020,198570
US,9/19/2020,199282
US,9/20/2020,199509
US,9/21/2020,199865
US,9/22/2020,200786
US,9/23/2020,201885
US,9/24/2020,202798
US,9/25/2020,203750
US,9/26/2020,204490
US,9/27/2020,204756
US,9/28/2020,205072
US,9/29/2020,205986
US,9/30/2020,206932
US,10/1/2020,207790
US,10/2/2020,208697
US,10/3/2020,209384
US,10/4/2020,209721
US,10/5/2020,210181
US,10/6/2020,210886
US,10/7/2020,211801
US,10/8/2020,212762
US,10/9/2020,213752
US,10/10/2020,214370
US,10/11/2020,214768
US,10/12/2020,215085
US,10/13/2020,215887
US,10/14/2020,216872
US,10/15/2020,217692
US,10/16/2020,218575
US,10/17/2020,219286
US,10/18/2020,219674
US,10/19/2020,220119
US,10/20/2020,221052
US,10/21/2020,222176
US,10/22/2020,223032
US,10/23/2020,223975
US,10/24/2020,224889
US,10/25/2020,225229
